Abbrev,AbsoluteMargin,MarginofVictory,CandidateName,Dpercentage,ElectoralVotes,NumberofRecords,Party,Rpercentage,State,Winner,YearCandidates,Year
AL,22.19%,-22.19%,MittRomney,0.383590331,9,1,R,0.605458223,Alabama,R,1-1-2012,1-1-2012
AL,21.58%,-21.58%,JohnMcCain,0.3874,9,1,R,0.6032,Alabama,R,1-1-2008,1-1-2008
AL,25.62%,-25.62%,GeorgeWBush,0.3684,9,1,R,0.6246,Alabama,R,1-1-2004,1-1-2004
AL,14.91%,-14.91%,GeorgeWBush,0.4157,9,1,R,0.5648,Alabama,R,1-1-2000,1-1-2000
AL,6.96%,-6.96%,BobDole,0.4316,9,1,R,0.5012,Alabama,R,1-1-1996,1-1-1996
AL,6.76%,-6.76%,GeorgeHWBush,0.4088,9,1,R,0.4764,Alabama,R,1-1-1992,1-1-1992
AL,19.31%,-19.31%,GeorgeHWBush,0.3986,9,1,R,0.5917,Alabama,R,1-1-1988,1-1-1988
AL,22.16%,-22.16%,RonaldReagan,0.3838,9,1,R,0.6054,Alabama,R,1-1-1984,1-1-1984
AL,20.80%,-20.80%,DonaldTrump,0.362,9,1,R,0.57,Alabama,R,1-1-2016,1-1-2016
AK,13.99%,-13.99%,MittRomney,0.408126591,3,1,R,0.548015774,Alaska,R,1-1-2012,1-1-2012
AK,21.53%,-21.53%,JohnMcCain,0.3789,3,1,R,0.5942,Alaska,R,1-1-2008,1-1-2008
AK,25.55%,-25.55%,GeorgeWBush,0.3552,3,1,R,0.6107,Alaska,R,1-1-2004,1-1-2004
AK,30.95%,-30.95%,GeorgeWBush,0.2767,3,1,R,0.5862,Alaska,R,1-1-2000,1-1-2000
AK,17.53%,-17.53%,BobDole,0.3327,3,1,R,0.508,Alaska,R,1-1-1996,1-1-1996
AK,9.17%,-9.17%,GeorgeHWBush,0.3029,3,1,R,0.3946,Alaska,R,1-1-1992,1-1-1992
AK,23.32%,-23.32%,GeorgeHWBush,0.3627,3,1,R,0.5959,Alaska,R,1-1-1988,1-1-1988
AK,36.78%,-36.78%,RonaldReagan,0.2987,3,1,R,0.6665,Alaska,R,1-1-1984,1-1-1984
AK,5.90%,-5.90%,DonaldTrump,0.401,3,1,R,0.46,Alaska,R,1-1-2016,1-1-2016
AZ,9.06%,-9.06%,MittRomney,0.445897669,11,1,R,0.536545332,Arizona,R,1-1-2012,1-1-2012
AZ,8.52%,-8.52%,JohnMcCain,0.4512,10,1,R,0.5364,Arizona,R,1-1-2008,1-1-2008
AZ,10.47%,-10.47%,GeorgeWBush,0.444,10,1,R,0.5487,Arizona,R,1-1-2004,1-1-2004
AZ,6.29%,-6.29%,GeorgeWBush,0.4473,8,1,R,0.5102,Arizona,R,1-1-2000,1-1-2000
AZ,2.23%,2.23%,BillClinton,0.4652,8,1,D,0.4429,Arizona,D,1-1-1996,1-1-1996
AZ,1.95%,-1.95%,GeorgeHWBush,0.3652,8,1,R,0.3847,Arizona,R,1-1-1992,1-1-1992
AZ,21.21%,-21.21%,GeorgeHWBush,0.3874,7,1,R,0.5995,Arizona,R,1-1-1988,1-1-1988
AZ,33.88%,-33.88%,RonaldReagan,0.3254,7,1,R,0.6642,Arizona,R,1-1-1984,1-1-1984
AZ,0.40%,-0.40%,DonaldTrump,0.453,11,1,R,0.457,Arizona,R,1-1-2016,1-1-2016
AR,23.69%,-23.69%,MittRomney,0.368789903,6,1,R,0.605669361,Arkansas,R,1-1-2012,1-1-2012
AR,19.86%,-19.86%,JohnMcCain,0.3886,6,1,R,0.5872,Arkansas,R,1-1-2008,1-1-2008
AR,9.76%,-9.76%,GeorgeWBush,0.4455,6,1,R,0.5431,Arkansas,R,1-1-2004,1-1-2004
AR,5.45%,-5.45%,GeorgeWBush,0.4586,6,1,R,0.5131,Arkansas,R,1-1-2000,1-1-2000
AR,16.94%,16.94%,BillClinton,0.5374,6,1,D,0.368,Arkansas,D,1-1-1996,1-1-1996
AR,17.73%,17.73%,BillClinton,0.5321,6,1,D,0.3548,Arkansas,D,1-1-1992,1-1-1992
AR,14.18%,-14.18%,GeorgeHWBush,0.4219,6,1,R,0.5637,Arkansas,R,1-1-1988,1-1-1988
AR,22.17%,-22.17%,RonaldReagan,0.3829,6,1,R,0.6046,Arkansas,R,1-1-1984,1-1-1984
AR,16.50%,-16.50%,DonaldTrump,0.382,6,1,R,0.547,Arkansas,R,1-1-2016,1-1-2016
CA,23.12%,23.12%,BarackObama,0.602389591,55,1,D,0.371203785,California,D,1-1-2012,1-1-2012
CA,24.06%,24.06%,BarackObama,0.6101,55,1,D,0.3695,California,D,1-1-2008,1-1-2008
CA,9.94%,9.94%,JohnKerry,0.543,55,1,D,0.4436,California,D,1-1-2004,1-1-2004
CA,11.80%,11.80%,AlGore,0.5345,54,1,D,0.4165,California,D,1-1-2000,1-1-2000
CA,12.89%,12.89%,BillClinton,0.511,54,1,D,0.3821,California,D,1-1-1996,1-1-1996
CA,13.40%,13.40%,BillClinton,0.4601,54,1,D,0.3261,California,D,1-1-1992,1-1-1992
CA,3.57%,-3.57%,GeorgeHWBush,0.4756,47,1,R,0.5113,California,R,1-1-1988,1-1-1988
CA,16.24%,-16.24%,RonaldReagan,0.4127,47,1,R,0.5751,California,R,1-1-1984,1-1-1984
CA,23.60%,23.60%,HillaryClinton,0.581,55,1,D,0.345,California,D,1-1-2016,1-1-2016
CO,5.37%,5.37%,BarackObama,0.514921452,9,1,D,0.461269839,Colorado,D,1-1-2012,1-1-2012
CO,8.95%,8.95%,BarackObama,0.5366,9,1,D,0.4471,Colorado,D,1-1-2008,1-1-2008
CO,4.67%,-4.67%,GeorgeWBush,0.4702,9,1,R,0.5169,Colorado,R,1-1-2004,1-1-2004
CO,8.36%,-8.36%,GeorgeWBush,0.4239,8,1,R,0.5075,Colorado,R,1-1-2000,1-1-2000
CO,1.37%,-1.37%,BobDole,0.4443,8,1,R,0.458,Colorado,R,1-1-1996,1-1-1996
CO,4.26%,4.26%,BillClinton,0.4013,8,1,D,0.3587,Colorado,D,1-1-1992,1-1-1992
CO,7.78%,-7.78%,GeorgeHWBush,0.4528,8,1,R,0.5306,Colorado,R,1-1-1988,1-1-1988
CO,28.32%,-28.32%,RonaldReagan,0.3512,8,1,R,0.6344,Colorado,R,1-1-1984,1-1-1984
CO,5.70%,5.70%,HillaryClinton,0.475,9,1,D,0.418,Colorado,D,1-1-2016,1-1-2016
CT,17.33%,17.33%,BarackObama,0.580568456,7,1,D,0.407253554,Connecticut,D,1-1-2012,1-1-2012
CT,22.37%,22.37%,BarackObama,0.6059,7,1,D,0.3822,Connecticut,D,1-1-2008,1-1-2008
CT,10.36%,10.36%,JohnKerry,0.5431,7,1,D,0.4395,Connecticut,D,1-1-2004,1-1-2004
CT,17.47%,17.47%,AlGore,0.5591,8,1,D,0.3844,Connecticut,D,1-1-2000,1-1-2000
CT,18.14%,18.14%,BillClinton,0.5283,8,1,D,0.3469,Connecticut,D,1-1-1996,1-1-1996
CT,6.43%,6.43%,BillClinton,0.4221,8,1,D,0.3578,Connecticut,D,1-1-1992,1-1-1992
CT,5.11%,-5.11%,GeorgeHWBush,0.4687,8,1,R,0.5198,Connecticut,R,1-1-1988,1-1-1988
CT,21.90%,-21.90%,RonaldReagan,0.3883,8,1,R,0.6073,Connecticut,R,1-1-1984,1-1-1984
CT,15.60%,15.60%,HillaryClinton,0.539,7,1,D,0.383,Connecticut,D,1-1-2016,1-1-2016
DC,83.63%,83.63%,BarackObama,0.909131139,3,1,D,0.072782914,D.C.,D,1-1-2012,1-1-2012
DC,85.93%,85.93%,BarackObama,0.9246,3,1,D,0.0653,D.C.,D,1-1-2008,1-1-2008
DC,79.84%,79.84%,JohnKerry,0.8918,3,1,D,0.0934,D.C.,D,1-1-2004,1-1-2004
DC,76.21%,76.21%,AlGore,0.8516,3,1,D,0.0895,D.C.,D,1-1-2000,1-1-2000
DC,75.85%,75.85%,BillClinton,0.8519,3,1,D,0.0934,D.C.,D,1-1-1996,1-1-1996
DC,75.54%,75.54%,BillClinton,0.8464,3,1,D,0.091,D.C.,D,1-1-1992,1-1-1992
DC,68.35%,68.35%,MichaelDukakis,0.8265,3,1,D,0.143,D.C.,D,1-1-1988,1-1-1988
DC,71.65%,71.65%,WalterMondale,0.8538,3,1,D,0.1373,D.C.,D,1-1-1984,1-1-1984
DC,62.10%,62.10%,HillaryClinton,0.766,3,1,D,0.145,D.C.,D,1-1-2016,1-1-2016
DE,18.63%,18.63%,BarackObama,0.586063524,3,1,D,0.399796096,Delaware,D,1-1-2012,1-1-2012
DE,24.99%,24.99%,BarackObama,0.6194,3,1,D,0.3695,Delaware,D,1-1-2008,1-1-2008
DE,7.60%,7.60%,JohnKerry,0.5335,3,1,D,0.4575,Delaware,D,1-1-2004,1-1-2004
DE,13.06%,13.06%,AlGore,0.5496,3,1,D,0.419,Delaware,D,1-1-2000,1-1-2000
DE,15.24%,15.24%,BillClinton,0.5182,3,1,D,0.3658,Delaware,D,1-1-1996,1-1-1996
DE,8.20%,8.20%,BillClinton,0.4351,3,1,D,0.3531,Delaware,D,1-1-1992,1-1-1992
DE,12.40%,-12.40%,GeorgeHWBush,0.4348,3,1,R,0.5588,Delaware,R,1-1-1988,1-1-1988
DE,19.85%,-19.85%,RonaldReagan,0.3993,3,1,R,0.5978,Delaware,R,1-1-1984,1-1-1984
DE,16.50%,16.50%,HillaryClinton,0.541,3,1,D,0.376,Delaware,D,1-1-2016,1-1-2016
FL,0.88%,0.88%,BarackObama,0.500078651,29,1,D,0.491309778,Florida,D,1-1-2012,1-1-2012
FL,2.81%,2.81%,BarackObama,0.5103,27,1,D,0.4822,Florida,D,1-1-2008,1-1-2008
FL,5.01%,-5.01%,GeorgeWBush,0.4709,27,1,R,0.521,Florida,R,1-1-2004,1-1-2004
FL,0.01%,-0.01%,GeorgeWBush,0.4884,25,1,R,0.4885,Florida,R,1-1-2000,1-1-2000
FL,5.70%,5.70%,BillClinton,0.4802,25,1,D,0.4232,Florida,D,1-1-1996,1-1-1996
FL,1.89%,-1.89%,GeorgeHWBush,0.39,25,1,R,0.4089,Florida,R,1-1-1992,1-1-1992
FL,22.36%,-22.36%,GeorgeHWBush,0.3851,21,1,R,0.6087,Florida,R,1-1-1988,1-1-1988
FL,30.66%,-30.66%,RonaldReagan,0.3466,21,1,R,0.6532,Florida,R,1-1-1984,1-1-1984
FL,2.80%,2.80%,HillaryClinton,0.483,29,1,D,0.455,Florida,D,1-1-2016,1-1-2016
GA,7.82%,-7.82%,MittRomney,0.454821605,16,1,R,0.532990090,Georgia,R,1-1-2012,1-1-2012
GA,5.21%,-5.21%,JohnMcCain,0.4699,15,1,R,0.522,Georgia,R,1-1-2008,1-1-2008
GA,16.60%,-16.60%,GeorgeWBush,0.4137,15,1,R,0.5797,Georgia,R,1-1-2004,1-1-2004
GA,11.69%,-11.69%,GeorgeWBush,0.4298,13,1,R,0.5467,Georgia,R,1-1-2000,1-1-2000
GA,1.17%,-1.17%,BobDole,0.4584,13,1,R,0.4701,Georgia,R,1-1-1996,1-1-1996
GA,0.59%,0.59%,BillClinton,0.4347,13,1,D,0.4288,Georgia,D,1-1-1992,1-1-1992
GA,20.25%,-20.25%,GeorgeHWBush,0.395,12,1,R,0.5975,Georgia,R,1-1-1988,1-1-1988
GA,20.39%,-20.39%,RonaldReagan,0.3978,12,1,R,0.6017,Georgia,R,1-1-1984,1-1-1984
GA,3.60%,-3.60%,DonaldTrump,0.448,16,1,R,0.484,Georgia,R,1-1-2016,1-1-2016
HI,42.71%,42.71%,BarackObama,0.705452304,4,1,D,0.278389315,Hawaii,D,1-1-2012,1-1-2012
HI,45.27%,45.27%,BarackObama,0.7185,4,1,D,0.2658,Hawaii,D,1-1-2008,1-1-2008
HI,8.75%,8.75%,JohnKerry,0.5401,4,1,D,0.4526,Hawaii,D,1-1-2004,1-1-2004
HI,18.33%,18.33%,AlGore,0.5579,4,1,D,0.3746,Hawaii,D,1-1-2000,1-1-2000
HI,25.29%,25.29%,BillClinton,0.5693,4,1,D,0.3164,Hawaii,D,1-1-1996,1-1-1996
HI,11.39%,11.39%,BillClinton,0.4809,4,1,D,0.367,Hawaii,D,1-1-1992,1-1-1992
HI,9.52%,9.52%,MichaelDukakis,0.5427,4,1,D,0.4475,Hawaii,D,1-1-1988,1-1-1988
HI,11.28%,-11.28%,RonaldReagan,0.4382,4,1,R,0.551,Hawaii,R,1-1-1984,1-1-1984
HI,33.60%,33.60%,HillaryClinton,0.631,4,1,D,0.295,Hawaii,D,1-1-2016,1-1-2016
ID,31.91%,-31.91%,MittRomney,0.326223336,4,1,R,0.645297835,Idaho,R,1-1-2012,1-1-2012
ID,25.43%,-25.43%,JohnMcCain,0.361,4,1,R,0.6153,Idaho,R,1-1-2008,1-1-2008
ID,38.12%,-38.12%,GeorgeWBush,0.3026,4,1,R,0.6838,Idaho,R,1-1-2004,1-1-2004
ID,39.53%,-39.53%,GeorgeWBush,0.2764,4,1,R,0.6717,Idaho,R,1-1-2000,1-1-2000
ID,18.54%,-18.54%,BobDole,0.3364,4,1,R,0.5218,Idaho,R,1-1-1996,1-1-1996
ID,13.61%,-13.61%,GeorgeHWBush,0.2842,4,1,R,0.4203,Idaho,R,1-1-1992,1-1-1992
ID,26.07%,-26.07%,GeorgeHWBush,0.3601,4,1,R,0.6208,Idaho,R,1-1-1988,1-1-1988
ID,45.97%,-45.97%,RonaldReagan,0.2639,4,1,R,0.7236,Idaho,R,1-1-1984,1-1-1984
ID,21.00%,-21.00%,DonaldTrump,0.336,4,1,R,0.546,Idaho,R,1-1-2016,1-1-2016
IL,16.87%,16.87%,BarackObama,0.576021354,20,1,D,0.407327413,Illinois,D,1-1-2012,1-1-2012
IL,25.14%,25.14%,BarackObama,0.6192,21,1,D,0.3678,Illinois,D,1-1-2008,1-1-2008
IL,10.34%,10.34%,JohnKerry,0.5482,21,1,D,0.4448,Illinois,D,1-1-2004,1-1-2004
IL,12.02%,12.02%,AlGore,0.546,22,1,D,0.4258,Illinois,D,1-1-2000,1-1-2000
IL,17.50%,17.50%,BillClinton,0.5431,22,1,D,0.3681,Illinois,D,1-1-1996,1-1-1996
IL,14.24%,14.24%,BillClinton,0.4858,22,1,D,0.3434,Illinois,D,1-1-1992,1-1-1992
IL,2.09%,-2.09%,GeorgeHWBush,0.486,24,1,R,0.5069,Illinois,R,1-1-1988,1-1-1988
IL,12.87%,-12.87%,RonaldReagan,0.433,24,1,R,0.5617,Illinois,R,1-1-1984,1-1-1984
IL,16.00%,16.00%,HillaryClinton,0.546,20,1,D,0.386,Illinois,D,1-1-2016,1-1-2016
IN,10.20%,-10.20%,MittRomney,0.439273029,11,1,R,0.541255324,Indiana,R,1-1-2012,1-1-2012
IN,1.04%,1.04%,BarackObama,0.4995,11,1,D,0.4891,Indiana,D,1-1-2008,1-1-2008
IN,20.68%,-20.68%,GeorgeWBush,0.3926,11,1,R,0.5994,Indiana,R,1-1-2004,1-1-2004
IN,15.64%,-15.64%,GeorgeWBush,0.4101,12,1,R,0.5665,Indiana,R,1-1-2000,1-1-2000
IN,5.58%,-5.58%,BobDole,0.4155,12,1,R,0.4713,Indiana,R,1-1-1996,1-1-1996
IN,6.12%,-6.12%,GeorgeHWBush,0.3679,12,1,R,0.4291,Indiana,R,1-1-1992,1-1-1992
IN,20.15%,-20.15%,GeorgeHWBush,0.3969,12,1,R,0.5984,Indiana,R,1-1-1988,1-1-1988
IN,23.99%,-23.99%,RonaldReagan,0.3768,12,1,R,0.6167,Indiana,R,1-1-1984,1-1-1984
IN,8.00%,-8.00%,DonaldTrump,0.413,11,1,R,0.493,Indiana,R,1-1-2016,1-1-2016
IA,5.81%,5.81%,BarackObama,0.519880165,6,1,D,0.461778685,Iowa,D,1-1-2012,1-1-2012
IA,9.54%,9.54%,BarackObama,0.5393,7,1,D,0.4439,Iowa,D,1-1-2008,1-1-2008
IA,0.67%,-0.67%,GeorgeWBush,0.4923,7,1,R,0.499,Iowa,R,1-1-2004,1-1-2004
IA,0.32%,0.32%,AlGore,0.4854,7,1,D,0.4822,Iowa,D,1-1-2000,1-1-2000
IA,10.34%,10.34%,BillClinton,0.5026,7,1,D,0.3992,Iowa,D,1-1-1996,1-1-1996
IA,6.01%,6.01%,BillClinton,0.4328,7,1,D,0.3727,Iowa,D,1-1-1992,1-1-1992
IA,10.21%,10.21%,MichaelDukakis,0.5471,8,1,D,0.445,Iowa,D,1-1-1988,1-1-1988
IA,7.38%,-7.38%,RonaldReagan,0.4589,8,1,R,0.5327,Iowa,R,1-1-1984,1-1-1984
IA,0.10%,0.10%,HillaryClinton,0.457,6,1,D,0.456,Iowa,D,1-1-2016,1-1-2016
KS,21.72%,-21.72%,MittRomney,0.379945706,6,1,R,0.597113204,Kansas,R,1-1-2012,1-1-2012
KS,14.96%,-14.96%,JohnMcCain,0.4165,6,1,R,0.5661,Kansas,R,1-1-2008,1-1-2008
KS,25.38%,-25.38%,GeorgeWBush,0.3662,6,1,R,0.62,Kansas,R,1-1-2004,1-1-2004
KS,20.80%,-20.80%,GeorgeWBush,0.3724,6,1,R,0.5804,Kansas,R,1-1-2000,1-1-2000
KS,18.21%,-18.21%,BobDole,0.3608,6,1,R,0.5429,Kansas,R,1-1-1996,1-1-1996
KS,5.14%,-5.14%,GeorgeHWBush,0.3374,6,1,R,0.3888,Kansas,R,1-1-1992,1-1-1992
KS,13.23%,-13.23%,GeorgeHWBush,0.4256,7,1,R,0.5579,Kansas,R,1-1-1988,1-1-1988
KS,33.67%,-33.67%,RonaldReagan,0.326,7,1,R,0.6627,Kansas,R,1-1-1984,1-1-1984
KS,9.30%,-9.30%,DonaldTrump,0.403,6,1,R,0.496,Kansas,R,1-1-2016,1-1-2016
KY,22.69%,-22.69%,MittRomney,0.378013278,8,1,R,0.604931416,Kentucky,R,1-1-2012,1-1-2012
KY,16.23%,-16.23%,JohnMcCain,0.4117,8,1,R,0.574,Kentucky,R,1-1-2008,1-1-2008
KY,19.86%,-19.86%,GeorgeWBush,0.3969,8,1,R,0.5955,Kentucky,R,1-1-2004,1-1-2004
KY,15.13%,-15.13%,GeorgeWBush,0.4137,8,1,R,0.565,Kentucky,R,1-1-2000,1-1-2000
KY,0.96%,0.96%,BillClinton,0.4584,8,1,D,0.4488,Kentucky,D,1-1-1996,1-1-1996
KY,3.21%,3.21%,BillClinton,0.4455,8,1,D,0.4134,Kentucky,D,1-1-1992,1-1-1992
KY,11.64%,-11.64%,GeorgeHWBush,0.4388,9,1,R,0.5552,Kentucky,R,1-1-1988,1-1-1988
KY,20.61%,-20.61%,RonaldReagan,0.394,9,1,R,0.6001,Kentucky,R,1-1-1984,1-1-1984
KY,13.70%,-13.70%,DonaldTrump,0.397,8,1,R,0.534,Kentucky,R,1-1-2016,1-1-2016
LA,17.21%,-17.21%,MittRomney,0.405774636,8,1,R,0.577845757,Louisiana,R,1-1-2012,1-1-2012
LA,18.63%,-18.63%,JohnMcCain,0.3993,9,1,R,0.5856,Louisiana,R,1-1-2008,1-1-2008
LA,14.50%,-14.50%,GeorgeWBush,0.4222,9,1,R,0.5672,Louisiana,R,1-1-2004,1-1-2004
LA,7.67%,-7.67%,GeorgeWBush,0.4488,9,1,R,0.5255,Louisiana,R,1-1-2000,1-1-2000
LA,12.07%,12.07%,BillClinton,0.5201,9,1,D,0.3994,Louisiana,D,1-1-1996,1-1-1996
LA,4.61%,4.61%,BillClinton,0.4558,9,1,D,0.4097,Louisiana,D,1-1-1992,1-1-1992
LA,10.21%,-10.21%,GeorgeHWBush,0.4406,10,1,R,0.5427,Louisiana,R,1-1-1988,1-1-1988
LA,22.59%,-22.59%,RonaldReagan,0.3818,10,1,R,0.6077,Louisiana,R,1-1-1984,1-1-1984
LA,11.80%,-11.80%,DonaldTrump,0.403,8,1,R,0.521,Louisiana,R,1-1-2016,1-1-2016
ME,15.29%,15.29%,BarackObama,0.562699459,4,1,D,0.409820803,Maine,D,1-1-2012,1-1-2012
ME,17.33%,17.33%,BarackObama,0.5771,4,1,D,0.4038,Maine,D,1-1-2008,1-1-2008
ME,8.99%,8.99%,JohnKerry,0.5357,4,1,D,0.4458,Maine,D,1-1-2004,1-1-2004
ME,5.12%,5.12%,AlGore,0.4909,4,1,D,0.4397,Maine,D,1-1-2000,1-1-2000
ME,20.86%,20.86%,BillClinton,0.5162,4,1,D,0.3076,Maine,D,1-1-1996,1-1-1996
ME,8.37%,8.37%,BillClinton,0.3876,4,1,D,0.3039,Maine,D,1-1-1992,1-1-1992
ME,11.46%,-11.46%,GeorgeHWBush,0.4388,4,1,R,0.5534,Maine,R,1-1-1988,1-1-1988
ME,22.05%,-22.05%,RonaldReagan,0.3878,4,1,R,0.6083,Maine,R,1-1-1984,1-1-1984
ME,9.00%,9.00%,HillaryClinton,0.492,4,1,D,0.402,Maine,D,1-1-2016,1-1-2016
MD,26.08%,26.08%,BarackObama,0.619741908,10,1,D,0.358977323,Maryland,D,1-1-2012,1-1-2012
MD,25.45%,25.45%,BarackObama,0.6192,10,1,D,0.3647,Maryland,D,1-1-2008,1-1-2008
MD,12.98%,12.98%,JohnKerry,0.5591,10,1,D,0.4293,Maryland,D,1-1-2004,1-1-2004
MD,16.39%,16.39%,AlGore,0.5657,10,1,D,0.4018,Maryland,D,1-1-2000,1-1-2000
MD,15.98%,15.98%,BillClinton,0.5425,10,1,D,0.3827,Maryland,D,1-1-1996,1-1-1996
MD,14.18%,14.18%,BillClinton,0.498,10,1,D,0.3562,Maryland,D,1-1-1992,1-1-1992
MD,2.91%,-2.91%,GeorgeHWBush,0.482,10,1,R,0.5111,Maryland,R,1-1-1988,1-1-1988
MD,5.49%,-5.49%,RonaldReagan,0.4702,10,1,R,0.5251,Maryland,R,1-1-1984,1-1-1984
MD,28.80%,28.80%,HillaryClinton,0.609,10,1,D,0.321,Maryland,D,1-1-2016,1-1-2016
MA,23.14%,23.14%,BarackObama,0.606512411,11,1,D,0.375126706,Massachusetts,D,1-1-2012,1-1-2012
MA,25.81%,25.81%,BarackObama,0.618,12,1,D,0.3599,Massachusetts,D,1-1-2008,1-1-2008
MA,25.16%,25.16%,JohnKerry,0.6194,12,1,D,0.3678,Massachusetts,D,1-1-2004,1-1-2004
MA,27.30%,27.30%,AlGore,0.598,12,1,D,0.325,Massachusetts,D,1-1-2000,1-1-2000
MA,33.39%,33.39%,BillClinton,0.6147,12,1,D,0.2808,Massachusetts,D,1-1-1996,1-1-1996
MA,18.52%,18.52%,BillClinton,0.4754,12,1,D,0.2902,Massachusetts,D,1-1-1992,1-1-1992
MA,7.85%,7.85%,MichaelDukakis,0.5323,13,1,D,0.4538,Massachusetts,D,1-1-1988,1-1-1988
MA,2.79%,-2.79%,RonaldReagan,0.4843,13,1,R,0.5122,Massachusetts,R,1-1-1984,1-1-1984
MA,22.50%,22.50%,HillaryClinton,0.568,11,1,D,0.343,Massachusetts,D,1-1-2016,1-1-2016
MI,9.50%,9.50%,BarackObama,0.542082042,16,1,D,0.447109160,Michigan,D,1-1-2012,1-1-2012
MI,16.47%,16.47%,BarackObama,0.5743,17,1,D,0.4096,Michigan,D,1-1-2008,1-1-2008
MI,3.42%,3.42%,JohnKerry,0.5123,17,1,D,0.4781,Michigan,D,1-1-2004,1-1-2004
MI,5.13%,5.13%,AlGore,0.5128,18,1,D,0.4615,Michigan,D,1-1-2000,1-1-2000
MI,13.21%,13.21%,BillClinton,0.5169,18,1,D,0.3848,Michigan,D,1-1-1996,1-1-1996
MI,7.39%,7.39%,BillClinton,0.4377,18,1,D,0.3638,Michigan,D,1-1-1992,1-1-1992
MI,7.90%,-7.90%,GeorgeHWBush,0.4567,20,1,R,0.5357,Michigan,R,1-1-1988,1-1-1988
MI,35.86%,-35.86%,RonaldReagan,0.3186,20,1,R,0.6772,Michigan,R,1-1-1984,1-1-1984
MI,7.40%,7.40%,HillaryClinton,0.495,16,1,D,0.421,Michigan,D,1-1-2016,1-1-2016
MN,7.69%,7.69%,BarackObama,0.526523032,10,1,D,0.449582011,Minnesota,D,1-1-2012,1-1-2012
MN,10.24%,10.24%,BarackObama,0.5406,10,1,D,0.4382,Minnesota,D,1-1-2008,1-1-2008
MN,3.48%,3.48%,JohnKerry,0.5109,10,1,D,0.4761,Minnesota,D,1-1-2004,1-1-2004
MN,2.40%,2.40%,AlGore,0.479,10,1,D,0.455,Minnesota,D,1-1-2000,1-1-2000
MN,16.14%,16.14%,BillClinton,0.511,10,1,D,0.3496,Minnesota,D,1-1-1996,1-1-1996
MN,11.63%,11.63%,BillClinton,0.4348,10,1,D,0.3185,Minnesota,D,1-1-1992,1-1-1992
MN,7.01%,7.01%,MichaelDukakis,0.5291,10,1,D,0.459,Minnesota,D,1-1-1988,1-1-1988
MN,0.18%,0.18%,WalterMondale,0.4972,10,1,D,0.4954,Minnesota,D,1-1-1984,1-1-1984
MN,7.20%,7.20%,HillaryClinton,0.497,10,1,D,0.425,Minnesota,D,1-1-2016,1-1-2016
MS,11.50%,-11.50%,MittRomney,0.437893595,6,1,R,0.552858467,Mississippi,R,1-1-2012,1-1-2012
MS,13.18%,-13.18%,JohnMcCain,0.43,6,1,R,0.5618,Mississippi,R,1-1-2008,1-1-2008
MS,19.69%,-19.69%,GeorgeWBush,0.3976,6,1,R,0.5945,Mississippi,R,1-1-2004,1-1-2004
MS,16.92%,-16.92%,GeorgeWBush,0.407,7,1,R,0.5762,Mississippi,R,1-1-2000,1-1-2000
MS,5.13%,-5.13%,BobDole,0.4408,7,1,R,0.4921,Mississippi,R,1-1-1996,1-1-1996
MS,8.91%,-8.91%,GeorgeHWBush,0.4077,7,1,R,0.4968,Mississippi,R,1-1-1992,1-1-1992
MS,20.82%,-20.82%,GeorgeHWBush,0.3907,7,1,R,0.5989,Mississippi,R,1-1-1988,1-1-1988
MS,24.46%,-24.46%,RonaldReagan,0.3742,7,1,R,0.6188,Mississippi,R,1-1-1984,1-1-1984
MS,11.90%,-11.90%,DonaldTrump,0.415,6,1,R,0.534,Mississippi,R,1-1-2016,1-1-2016
MO,9.38%,-9.38%,MittRomney,0.443834835,10,1,R,0.537637411,Missouri,R,1-1-2012,1-1-2012
MO,0.14%,-0.14%,JohnMcCain,0.4929,11,1,R,0.4943,Missouri,R,1-1-2008,1-1-2008
MO,7.20%,-7.20%,GeorgeWBush,0.461,11,1,R,0.533,Missouri,R,1-1-2004,1-1-2004
MO,3.34%,-3.34%,GeorgeWBush,0.4708,11,1,R,0.5042,Missouri,R,1-1-2000,1-1-2000
MO,6.30%,6.30%,BillClinton,0.4754,11,1,D,0.4124,Missouri,D,1-1-1996,1-1-1996
MO,10.15%,10.15%,BillClinton,0.4407,11,1,D,0.3392,Missouri,D,1-1-1992,1-1-1992
MO,3.98%,-3.98%,GeorgeHWBush,0.4784,11,1,R,0.5182,Missouri,R,1-1-1988,1-1-1988
MO,20.04%,-20.04%,RonaldReagan,0.3998,11,1,R,0.6002,Missouri,R,1-1-1984,1-1-1984
MO,5.60%,-5.60%,DonaldTrump,0.43,10,1,R,0.486,Missouri,R,1-1-2016,1-1-2016
MT,13.65%,-13.65%,MittRomney,0.416981374,3,1,R,0.553515354,Montana,R,1-1-2012,1-1-2012
MT,2.26%,-2.26%,JohnMcCain,0.4725,3,1,R,0.4951,Montana,R,1-1-2008,1-1-2008
MT,20.50%,-20.50%,GeorgeWBush,0.3857,3,1,R,0.5907,Montana,R,1-1-2004,1-1-2004
MT,25.08%,-25.08%,GeorgeWBush,0.3336,3,1,R,0.5844,Montana,R,1-1-2000,1-1-2000
MT,2.88%,-2.88%,BobDole,0.4123,3,1,R,0.4411,Montana,R,1-1-1996,1-1-1996
MT,2.51%,2.51%,BillClinton,0.3763,3,1,D,0.3512,Montana,D,1-1-1992,1-1-1992
MT,5.87%,-5.87%,GeorgeHWBush,0.462,4,1,R,0.5207,Montana,R,1-1-1988,1-1-1988
MT,22.29%,-22.29%,RonaldReagan,0.3818,4,1,R,0.6047,Montana,R,1-1-1984,1-1-1984
MT,9.00%,-9.00%,DonaldTrump,0.396,4,1,R,0.486,Montana,R,1-1-2016,1-1-2016
NE,21.78%,-21.78%,MittRomney,0.380273144,5,1,R,0.598031922,Nebraska,R,1-1-2012,1-1-2012
NE,14.93%,-14.93%,JohnMcCain,0.416,5,1,R,0.5653,Nebraska,R,1-1-2008,1-1-2008
NE,33.22%,-33.22%,GeorgeWBush,0.3268,5,1,R,0.659,Nebraska,R,1-1-2004,1-1-2004
NE,28.99%,-28.99%,GeorgeWBush,0.3325,5,1,R,0.6224,Nebraska,R,1-1-2000,1-1-2000
NE,18.71%,-18.71%,BobDole,0.3495,5,1,R,0.5366,Nebraska,R,1-1-1996,1-1-1996
NE,17.18%,-17.18%,GeorgeHWBush,0.294,5,1,R,0.4658,Nebraska,R,1-1-1992,1-1-1992
NE,20.97%,-20.97%,GeorgeHWBush,0.3919,5,1,R,0.6016,Nebraska,R,1-1-1988,1-1-1988
NE,41.64%,-41.64%,RonaldReagan,0.2891,5,1,R,0.7055,Nebraska,R,1-1-1984,1-1-1984
NE,16.50%,-16.50%,DonaldTrump,0.368,5,1,R,0.533,Nebraska,R,1-1-2016,1-1-2016
NV,6.68%,6.68%,BarackObama,0.523562495,6,1,D,0.456753156,Nevada,D,1-1-2012,1-1-2012
NV,12.50%,12.50%,BarackObama,0.5515,5,1,D,0.4265,Nevada,D,1-1-2008,1-1-2008
NV,2.59%,-2.59%,GeorgeWBush,0.4788,5,1,R,0.5047,Nevada,R,1-1-2004,1-1-2004
NV,3.54%,-3.54%,GeorgeWBush,0.4598,4,1,R,0.4952,Nevada,R,1-1-2000,1-1-2000
NV,1.02%,1.02%,BillClinton,0.4393,4,1,D,0.4291,Nevada,D,1-1-1996,1-1-1996
NV,2.63%,2.63%,BillClinton,0.3736,4,1,D,0.3473,Nevada,D,1-1-1992,1-1-1992
NV,20.94%,-20.94%,GeorgeHWBush,0.3792,4,1,R,0.5886,Nevada,R,1-1-1988,1-1-1988
NV,34.88%,-34.88%,RonaldReagan,0.3197,4,1,R,0.6685,Nevada,R,1-1-1984,1-1-1984
NV,3.20%,3.20%,HillaryClinton,0.474,6,1,D,0.442,Nevada,D,1-1-2016,1-1-2016
NH,5.58%,5.58%,BarackObama,0.519796842,4,1,D,0.464037965,NewHampshire,D,1-1-2012,1-1-2012
NH,9.61%,9.61%,BarackObama,0.5413,4,1,D,0.4452,NewHampshire,D,1-1-2008,1-1-2008
NH,1.37%,1.37%,JohnKerry,0.5024,4,1,D,0.4887,NewHampshire,D,1-1-2004,1-1-2004
NH,1.27%,-1.27%,GeorgeWBush,0.468,4,1,R,0.4807,NewHampshire,R,1-1-2000,1-1-2000
NH,9.95%,9.95%,BillClinton,0.4932,4,1,D,0.3937,NewHampshire,D,1-1-1996,1-1-1996
NH,1.22%,1.22%,BillClinton,0.3886,4,1,D,0.3764,NewHampshire,D,1-1-1992,1-1-1992
NH,26.12%,-26.12%,GeorgeHWBush,0.3629,4,1,R,0.6241,NewHampshire,R,1-1-1988,1-1-1988
NH,37.70%,-37.70%,RonaldReagan,0.3094,4,1,R,0.6864,NewHampshire,R,1-1-1984,1-1-1984
NH,6.40%,6.40%,HillaryClinton,0.481,4,1,D,0.417,NewHampshire,D,1-1-2016,1-1-2016
NJ,17.79%,17.79%,BarackObama,0.583772126,14,1,D,0.405892714,NewJersey,D,1-1-2012,1-1-2012
NJ,15.57%,15.57%,BarackObama,0.5727,15,1,D,0.417,NewJersey,D,1-1-2008,1-1-2008
NJ,6.68%,6.68%,JohnKerry,0.5292,15,1,D,0.4624,NewJersey,D,1-1-2004,1-1-2004
NJ,15.83%,15.83%,AlGore,0.5612,15,1,D,0.4029,NewJersey,D,1-1-2000,1-1-2000
NJ,17.86%,17.86%,BillClinton,0.5372,15,1,D,0.3586,NewJersey,D,1-1-1996,1-1-1996
NJ,2.37%,2.37%,BillClinton,0.4295,15,1,D,0.4058,NewJersey,D,1-1-1992,1-1-1992
NJ,13.64%,-13.64%,GeorgeHWBush,0.426,16,1,R,0.5624,NewJersey,R,1-1-1988,1-1-1988
NJ,20.89%,-20.89%,RonaldReagan,0.392,16,1,R,0.6009,NewJersey,R,1-1-1984,1-1-1984
NJ,12.90%,12.90%,HillaryClinton,0.534,14,1,D,0.405,NewJersey,D,1-1-2016,1-1-2016
NM,10.15%,10.15%,BarackObama,0.529927605,5,1,D,0.428433266,NewMexico,D,1-1-2012,1-1-2012
NM,15.13%,15.13%,BarackObama,0.5691,5,1,D,0.4178,NewMexico,D,1-1-2008,1-1-2008
NM,0.79%,-0.79%,GeorgeWBush,0.4905,5,1,R,0.4984,NewMexico,R,1-1-2004,1-1-2004
NM,0.06%,0.06%,AlGore,0.4791,5,1,D,0.4785,NewMexico,D,1-1-2000,1-1-2000
NM,7.32%,7.32%,BillClinton,0.4918,5,1,D,0.4186,NewMexico,D,1-1-1996,1-1-1996
NM,8.56%,8.56%,BillClinton,0.459,5,1,D,0.3734,NewMexico,D,1-1-1992,1-1-1992
NM,4.96%,-4.96%,GeorgeHWBush,0.469,5,1,R,0.5186,NewMexico,R,1-1-1988,1-1-1988
NM,20.47%,-20.47%,RonaldReagan,0.3923,5,1,R,0.597,NewMexico,R,1-1-1984,1-1-1984
NM,10.90%,10.90%,HillaryClinton,0.467,5,1,D,0.358,NewMexico,D,1-1-2016,1-1-2016
NY,28.18%,28.18%,BarackObama,0.633475537,29,1,D,0.351698218,NewYork,D,1-1-2012,1-1-2012
NY,26.85%,26.85%,BarackObama,0.6288,31,1,D,0.3603,NewYork,D,1-1-2008,1-1-2008
NY,18.29%,18.29%,JohnKerry,0.5837,31,1,D,0.4008,NewYork,D,1-1-2004,1-1-2004
NY,24.98%,24.98%,AlGore,0.6021,33,1,D,0.3523,NewYork,D,1-1-2000,1-1-2000
NY,28.86%,28.86%,BillClinton,0.5947,33,1,D,0.3061,NewYork,D,1-1-1996,1-1-1996
NY,15.84%,15.84%,BillClinton,0.4972,33,1,D,0.3388,NewYork,D,1-1-1992,1-1-1992
NY,4.10%,4.10%,MichaelDukakis,0.5162,36,1,D,0.4752,NewYork,D,1-1-1988,1-1-1988
NY,8.01%,-8.01%,RonaldReagan,0.4583,36,1,R,0.5384,NewYork,R,1-1-1984,1-1-1984
NY,20.20%,20.20%,HillaryClinton,0.565,29,1,D,0.363,NewYork,D,1-1-2016,1-1-2016
NC,2.04%,-2.04%,MittRomney,0.483509686,15,1,R,0.503930641,NorthCarolina,R,1-1-2012,1-1-2012
NC,0.32%,0.32%,BarackObama,0.497,15,1,D,0.4938,NorthCarolina,D,1-1-2008,1-1-2008
NC,12.44%,-12.44%,GeorgeWBush,0.4358,15,1,R,0.5602,NorthCarolina,R,1-1-2004,1-1-2004
NC,12.83%,-12.83%,GeorgeWBush,0.432,14,1,R,0.5603,NorthCarolina,R,1-1-2000,1-1-2000
NC,4.69%,-4.69%,BobDole,0.4404,14,1,R,0.4873,NorthCarolina,R,1-1-1996,1-1-1996
NC,0.79%,-0.79%,GeorgeHWBush,0.4265,14,1,R,0.4344,NorthCarolina,R,1-1-1992,1-1-1992
NC,16.26%,-16.26%,GeorgeHWBush,0.4171,13,1,R,0.5797,NorthCarolina,R,1-1-1988,1-1-1988
NC,24.01%,-24.01%,RonaldReagan,0.3789,13,1,R,0.619,NorthCarolina,R,1-1-1984,1-1-1984
NC,2.00%,2.00%,HillaryClinton,0.477,15,1,D,0.457,NorthCarolina,D,1-1-2016,1-1-2016
ND,19.63%,-19.63%,MittRomney,0.386908101,3,1,R,0.583221491,NorthDakota,R,1-1-2012,1-1-2012
ND,8.63%,-8.63%,JohnMcCain,0.4462,3,1,R,0.5325,NorthDakota,R,1-1-2008,1-1-2008
ND,27.36%,-27.36%,GeorgeWBush,0.355,3,1,R,0.6286,NorthDakota,R,1-1-2004,1-1-2004
ND,27.60%,-27.60%,GeorgeWBush,0.3306,3,1,R,0.6066,NorthDakota,R,1-1-2000,1-1-2000
ND,6.81%,-6.81%,BobDole,0.4013,3,1,R,0.4694,NorthDakota,R,1-1-1996,1-1-1996
ND,12.04%,-12.04%,GeorgeHWBush,0.3218,3,1,R,0.4422,NorthDakota,R,1-1-1992,1-1-1992
ND,13.06%,-13.06%,GeorgeHWBush,0.4297,3,1,R,0.5603,NorthDakota,R,1-1-1988,1-1-1988
ND,31.04%,-31.04%,RonaldReagan,0.338,3,1,R,0.6484,NorthDakota,R,1-1-1984,1-1-1984
ND,15.40%,-15.40%,DonaldTrump,0.368,3,1,R,0.522,NorthDakota,R,1-1-2016,1-1-2016
OH,2.98%,2.98%,BarackObama,0.506681790,18,1,D,0.476887529,Ohio,D,1-1-2012,1-1-2012
OH,4.59%,4.59%,BarackObama,0.515,20,1,D,0.4691,Ohio,D,1-1-2008,1-1-2008
OH,2.10%,-2.10%,GeorgeWBush,0.4871,20,1,R,0.5081,Ohio,R,1-1-2004,1-1-2004
OH,3.51%,-3.51%,GeorgeWBush,0.4646,21,1,R,0.4997,Ohio,R,1-1-2000,1-1-2000
OH,6.36%,6.36%,BillClinton,0.4738,21,1,D,0.4102,Ohio,D,1-1-1996,1-1-1996
OH,1.83%,1.83%,BillClinton,0.4018,21,1,D,0.3835,Ohio,D,1-1-1992,1-1-1992
OH,10.85%,-10.85%,GeorgeHWBush,0.4415,23,1,R,0.55,Ohio,R,1-1-1988,1-1-1988
OH,18.76%,-18.76%,RonaldReagan,0.4014,23,1,R,0.589,Ohio,R,1-1-1984,1-1-1984
OH,1.20%,1.20%,HillaryClinton,0.465,18,1,D,0.453,Ohio,D,1-1-2016,1-1-2016
OK,33.54%,-33.54%,MittRomney,0.332276803,7,1,R,0.667723197,Oklahoma,R,1-1-2012,1-1-2012
OK,31.30%,-31.30%,JohnMcCain,0.3435,7,1,R,0.6565,Oklahoma,R,1-1-2008,1-1-2008
OK,31.14%,-31.14%,GeorgeWBush,0.3443,7,1,R,0.6557,Oklahoma,R,1-1-2004,1-1-2004
OK,21.88%,-21.88%,GeorgeWBush,0.3843,8,1,R,0.6031,Oklahoma,R,1-1-2000,1-1-2000
OK,7.81%,-7.81%,BobDole,0.4045,8,1,R,0.4826,Oklahoma,R,1-1-1996,1-1-1996
OK,8.62%,-8.62%,GeorgeHWBush,0.3402,8,1,R,0.4264,Oklahoma,R,1-1-1992,1-1-1992
OK,16.65%,-16.65%,GeorgeHWBush,0.4128,8,1,R,0.5793,Oklahoma,R,1-1-1988,1-1-1988
OK,37.94%,-37.94%,RonaldReagan,0.3067,8,1,R,0.6861,Oklahoma,R,1-1-1984,1-1-1984
OK,20.10%,-20.10%,DonaldTrump,0.362,7,1,R,0.563,Oklahoma,R,1-1-2016,1-1-2016
OR,12.09%,12.09%,BarackObama,0.542393267,7,1,D,0.421498712,Oregon,D,1-1-2012,1-1-2012
OR,16.35%,16.35%,BarackObama,0.5675,7,1,D,0.404,Oregon,D,1-1-2008,1-1-2008
OR,4.16%,4.16%,JohnKerry,0.5135,7,1,D,0.4719,Oregon,D,1-1-2004,1-1-2004
OR,0.44%,0.44%,AlGore,0.4696,7,1,D,0.4652,Oregon,D,1-1-2000,1-1-2000
OR,8.09%,8.09%,BillClinton,0.4715,7,1,D,0.3906,Oregon,D,1-1-1996,1-1-1996
OR,9.95%,9.95%,BillClinton,0.4248,7,1,D,0.3253,Oregon,D,1-1-1992,1-1-1992
OR,4.67%,4.67%,MichaelDukakis,0.5128,7,1,D,0.4661,Oregon,D,1-1-1988,1-1-1988
OR,12.17%,-12.17%,RonaldReagan,0.4374,7,1,R,0.5591,Oregon,R,1-1-1984,1-1-1984
OR,12.40%,12.40%,HillaryClinton,0.522,7,1,D,0.398,Oregon,D,1-1-2016,1-1-2016
PA,5.39%,5.39%,BarackObama,0.519715938,20,1,D,0.465865091,Pennsylvania,D,1-1-2012,1-1-2012
PA,10.32%,10.32%,BarackObama,0.5449,21,1,D,0.4417,Pennsylvania,D,1-1-2008,1-1-2008
PA,2.50%,2.50%,JohnKerry,0.5092,21,1,D,0.4842,Pennsylvania,D,1-1-2004,1-1-2004
PA,4.17%,4.17%,AlGore,0.506,23,1,D,0.4643,Pennsylvania,D,1-1-2000,1-1-2000
PA,9.20%,9.20%,BillClinton,0.4917,23,1,D,0.3997,Pennsylvania,D,1-1-1996,1-1-1996
PA,9.02%,9.02%,BillClinton,0.4515,23,1,D,0.3613,Pennsylvania,D,1-1-1992,1-1-1992
PA,2.31%,-2.31%,GeorgeHWBush,0.4839,25,1,R,0.507,Pennsylvania,R,1-1-1988,1-1-1988
PA,7.35%,-7.35%,RonaldReagan,0.4599,25,1,R,0.5334,Pennsylvania,R,1-1-1984,1-1-1984
PA,6.50%,6.50%,HillaryClinton,0.497,20,1,D,0.432,Pennsylvania,D,1-1-2016,1-1-2016
RI,27.46%,27.46%,BarackObama,0.627009589,4,1,D,0.352436616,RhodeIsland,D,1-1-2012,1-1-2012
RI,27.80%,27.80%,BarackObama,0.6286,4,1,D,0.3506,RhodeIsland,D,1-1-2008,1-1-2008
RI,20.75%,20.75%,JohnKerry,0.5942,4,1,D,0.3867,RhodeIsland,D,1-1-2004,1-1-2004
RI,29.08%,29.08%,AlGore,0.6099,4,1,D,0.3191,RhodeIsland,D,1-1-2000,1-1-2000
RI,32.89%,32.89%,BillClinton,0.5971,4,1,D,0.2682,RhodeIsland,D,1-1-1996,1-1-1996
RI,18.02%,18.02%,BillClinton,0.4704,4,1,D,0.2902,RhodeIsland,D,1-1-1992,1-1-1992
RI,11.71%,11.71%,MichaelDukakis,0.5564,4,1,D,0.4393,RhodeIsland,D,1-1-1988,1-1-1988
RI,3.64%,-3.64%,RonaldReagan,0.4802,4,1,R,0.5166,RhodeIsland,R,1-1-1984,1-1-1984
RI,18.60%,18.60%,HillaryClinton,0.554,4,1,D,0.368,RhodeIsland,D,1-1-2016,1-1-2016
SC,10.47%,-10.47%,MittRomney,0.440880334,9,1,R,0.545611313,SouthCarolina,R,1-1-2012,1-1-2012
SC,8.97%,-8.97%,JohnMcCain,0.449,8,1,R,0.5387,SouthCarolina,R,1-1-2008,1-1-2008
SC,17.08%,-17.08%,GeorgeWBush,0.409,8,1,R,0.5798,SouthCarolina,R,1-1-2004,1-1-2004
SC,15.94%,-15.94%,GeorgeWBush,0.409,8,1,R,0.5684,SouthCarolina,R,1-1-2000,1-1-2000
SC,5.83%,-5.83%,BobDole,0.4396,8,1,R,0.4979,SouthCarolina,R,1-1-1996,1-1-1996
SC,8.14%,-8.14%,GeorgeHWBush,0.3988,8,1,R,0.4802,SouthCarolina,R,1-1-1992,1-1-1992
SC,23.92%,-23.92%,GeorgeHWBush,0.3758,8,1,R,0.615,SouthCarolina,R,1-1-1988,1-1-1988
SC,27.98%,-27.98%,RonaldReagan,0.3557,8,1,R,0.6355,SouthCarolina,R,1-1-1984,1-1-1984
SC,6.90%,-6.90%,DonaldTrump,0.433,9,1,R,0.502,SouthCarolina,R,1-1-2016,1-1-2016
SD,18.02%,-18.02%,MittRomney,0.398661408,3,1,R,0.578893119,SouthDakota,R,1-1-2012,1-1-2012
SD,8.41%,-8.41%,JohnMcCain,0.4475,3,1,R,0.5316,SouthDakota,R,1-1-2008,1-1-2008
SD,21.47%,-21.47%,GeorgeWBush,0.3844,3,1,R,0.5991,SouthDakota,R,1-1-2004,1-1-2004
SD,22.74%,-22.74%,GeorgeWBush,0.3756,3,1,R,0.603,SouthDakota,R,1-1-2000,1-1-2000
SD,3.46%,-3.46%,BobDole,0.4303,3,1,R,0.4649,SouthDakota,R,1-1-1996,1-1-1996
SD,3.52%,-3.52%,GeorgeHWBush,0.3714,3,1,R,0.4066,SouthDakota,R,1-1-1992,1-1-1992
SD,6.34%,-6.34%,GeorgeHWBush,0.4651,3,1,R,0.5285,SouthDakota,R,1-1-1988,1-1-1988
SD,26.47%,-26.47%,RonaldReagan,0.3653,3,1,R,0.63,SouthDakota,R,1-1-1984,1-1-1984
SD,10.50%,-10.50%,DonaldTrump,0.395,3,1,R,0.5,SouthDakota,R,1-1-2016,1-1-2016
TN,20.40%,-20.40%,MittRomney,0.390758150,11,1,R,0.594787147,Tennessee,R,1-1-2012,1-1-2012
TN,15.07%,-15.07%,JohnMcCain,0.4183,11,1,R,0.569,Tennessee,R,1-1-2008,1-1-2008
TN,14.27%,-14.27%,GeorgeWBush,0.4253,11,1,R,0.568,Tennessee,R,1-1-2004,1-1-2004
TN,3.87%,-3.87%,GeorgeWBush,0.4728,11,1,R,0.5115,Tennessee,R,1-1-2000,1-1-2000
TN,2.41%,2.41%,BillClinton,0.48,11,1,D,0.4559,Tennessee,D,1-1-1996,1-1-1996
TN,4.65%,4.65%,BillClinton,0.4708,11,1,D,0.4243,Tennessee,D,1-1-1992,1-1-1992
TN,16.34%,-16.34%,GeorgeHWBush,0.4155,11,1,R,0.5789,Tennessee,R,1-1-1988,1-1-1988
TN,16.27%,-16.27%,RonaldReagan,0.4157,11,1,R,0.5784,Tennessee,R,1-1-1984,1-1-1984
TN,12.70%,-12.70%,DonaldTrump,0.399,11,1,R,0.526,Tennessee,R,1-1-2016,1-1-2016
TX,15.78%,-15.78%,MittRomney,0.413833583,38,1,R,0.571669775,Texas,R,1-1-2012,1-1-2012
TX,11.77%,-11.77%,JohnMcCain,0.4368,34,1,R,0.5545,Texas,R,1-1-2008,1-1-2008
TX,22.87%,-22.87%,GeorgeWBush,0.3822,34,1,R,0.6109,Texas,R,1-1-2004,1-1-2004
TX,21.32%,-21.32%,GeorgeWBush,0.3798,32,1,R,0.593,Texas,R,1-1-2000,1-1-2000
TX,4.93%,-4.93%,BobDole,0.4383,32,1,R,0.4876,Texas,R,1-1-1996,1-1-1996
TX,3.48%,-3.48%,GeorgeHWBush,0.3708,32,1,R,0.4056,Texas,R,1-1-1992,1-1-1992
TX,12.60%,-12.60%,GeorgeHWBush,0.4335,29,1,R,0.5595,Texas,R,1-1-1988,1-1-1988
TX,27.50%,-27.50%,RonaldReagan,0.3611,29,1,R,0.6361,Texas,R,1-1-1984,1-1-1984
TX,7.00%,-7.00%,DonaldTrump,0.424,38,1,R,0.494,Texas,R,1-1-2016,1-1-2016
UT,48.04%,-48.04%,MittRomney,0.247496658,6,1,R,0.727905331,Utah,R,1-1-2012,1-1-2012
UT,28.17%,-28.17%,JohnMcCain,0.3441,5,1,R,0.6258,Utah,R,1-1-2008,1-1-2008
UT,45.54%,-45.54%,GeorgeWBush,0.26,5,1,R,0.7154,Utah,R,1-1-2004,1-1-2004
UT,40.49%,-40.49%,GeorgeWBush,0.2634,5,1,R,0.6683,Utah,R,1-1-2000,1-1-2000
UT,21.07%,-21.07%,BobDole,0.333,5,1,R,0.5437,Utah,R,1-1-1996,1-1-1996
UT,18.71%,-18.71%,GeorgeHWBush,0.2465,5,1,R,0.4336,Utah,R,1-1-1992,1-1-1992
UT,34.17%,-34.17%,GeorgeHWBush,0.3205,5,1,R,0.6622,Utah,R,1-1-1988,1-1-1988
UT,49.82%,-49.82%,RonaldReagan,0.2468,5,1,R,0.745,Utah,R,1-1-1984,1-1-1984
UT,14.90%,-14.90%,DonaldTrump,0.356,6,1,R,0.505,Utah,R,1-1-2016,1-1-2016
VT,35.60%,35.60%,BarackObama,0.665705503,3,1,D,0.309726352,Vermont,D,1-1-2012,1-1-2012
VT,37.01%,37.01%,BarackObama,0.6746,3,1,D,0.3045,Vermont,D,1-1-2008,1-1-2008
VT,20.14%,20.14%,JohnKerry,0.5894,3,1,D,0.388,Vermont,D,1-1-2004,1-1-2004
VT,9.93%,9.93%,AlGore,0.5063,3,1,D,0.407,Vermont,D,1-1-2000,1-1-2000
VT,22.26%,22.26%,BillClinton,0.5335,3,1,D,0.3109,Vermont,D,1-1-1996,1-1-1996
VT,15.69%,15.69%,BillClinton,0.4611,3,1,D,0.3042,Vermont,D,1-1-1992,1-1-1992
VT,3.52%,-3.52%,GeorgeHWBush,0.4758,3,1,R,0.511,Vermont,R,1-1-1988,1-1-1988
VT,17.11%,-17.11%,RonaldReagan,0.4081,3,1,R,0.5792,Vermont,R,1-1-1984,1-1-1984
VT,25.30%,25.30%,HillaryClinton,0.579,3,1,D,0.326,Vermont,D,1-1-2016,1-1-2016
VA,3.87%,3.87%,BarackObama,0.511564568,13,1,D,0.472831029,Virginia,D,1-1-2012,1-1-2012
VA,6.30%,6.30%,BarackObama,0.5263,13,1,D,0.4633,Virginia,D,1-1-2008,1-1-2008
VA,8.20%,-8.20%,GeorgeWBush,0.4548,13,1,R,0.5368,Virginia,R,1-1-2004,1-1-2004
VA,8.03%,-8.03%,GeorgeWBush,0.4444,13,1,R,0.5247,Virginia,R,1-1-2000,1-1-2000
VA,1.95%,-1.95%,BobDole,0.4515,13,1,R,0.471,Virginia,R,1-1-1996,1-1-1996
VA,4.37%,-4.37%,GeorgeHWBush,0.4059,13,1,R,0.4496,Virginia,R,1-1-1992,1-1-1992
VA,20.51%,-20.51%,GeorgeHWBush,0.3923,12,1,R,0.5974,Virginia,R,1-1-1988,1-1-1988
VA,25.20%,-25.20%,RonaldReagan,0.3709,12,1,R,0.6229,Virginia,R,1-1-1984,1-1-1984
VA,8.30%,8.30%,HillaryClinton,0.496,13,1,D,0.413,Virginia,D,1-1-2016,1-1-2016
WA,14.87%,14.87%,BarackObama,0.561633983,12,1,D,0.412946214,Washington,D,1-1-2012,1-1-2012
WA,17.17%,17.17%,BarackObama,0.5765,11,1,D,0.4048,Washington,D,1-1-2008,1-1-2008
WA,7.18%,7.18%,JohnKerry,0.5282,11,1,D,0.4564,Washington,D,1-1-2004,1-1-2004
WA,5.58%,5.58%,AlGore,0.5016,11,1,D,0.4458,Washington,D,1-1-2000,1-1-2000
WA,12.54%,12.54%,BillClinton,0.4984,11,1,D,0.373,Washington,D,1-1-1996,1-1-1996
WA,11.44%,11.44%,BillClinton,0.434,11,1,D,0.3196,Washington,D,1-1-1992,1-1-1992
WA,1.59%,1.59%,MichaelDukakis,0.5005,10,1,D,0.4846,Washington,D,1-1-1988,1-1-1988
WA,12.96%,-12.96%,RonaldReagan,0.4286,10,1,R,0.5582,Washington,R,1-1-1984,1-1-1984
WA,14.00%,14.00%,HillaryClinton,0.52,12,1,D,0.38,Washington,D,1-1-2016,1-1-2016
WV,26.76%,-26.76%,MittRomney,0.355393042,5,1,R,0.622958424,WestVirginia,R,1-1-2012,1-1-2012
WV,13.12%,-13.12%,JohnMcCain,0.4259,5,1,R,0.5571,WestVirginia,R,1-1-2008,1-1-2008
WV,12.86%,-12.86%,GeorgeWBush,0.432,5,1,R,0.5606,WestVirginia,R,1-1-2004,1-1-2004
WV,6.33%,-6.33%,GeorgeWBush,0.4559,5,1,R,0.5192,WestVirginia,R,1-1-2000,1-1-2000
WV,14.74%,14.74%,BillClinton,0.515,5,1,D,0.3676,WestVirginia,D,1-1-1996,1-1-1996
WV,12.82%,12.82%,BillClinton,0.4841,5,1,D,0.3559,WestVirginia,D,1-1-1992,1-1-1992
WV,4.74%,4.74%,MichaelDukakis,0.522,6,1,D,0.4746,WestVirginia,D,1-1-1988,1-1-1988
WV,10.51%,-10.51%,RonaldReagan,0.446,6,1,R,0.5511,WestVirginia,R,1-1-1984,1-1-1984
WV,22.00%,-22.00%,DonaldTrump,0.349,5,1,R,0.569,WestVirginia,R,1-1-2016,1-1-2016
WI,6.94%,6.94%,BarackObama,0.528277617,10,1,D,0.458854908,Wisconsin,D,1-1-2012,1-1-2012
WI,13.91%,13.91%,BarackObama,0.5622,10,1,D,0.4231,Wisconsin,D,1-1-2008,1-1-2008
WI,0.38%,0.38%,JohnKerry,0.497,10,1,D,0.4932,Wisconsin,D,1-1-2004,1-1-2004
WI,0.22%,0.22%,AlGore,0.4783,11,1,D,0.4761,Wisconsin,D,1-1-2000,1-1-2000
WI,10.33%,10.33%,BillClinton,0.4881,11,1,D,0.3848,Wisconsin,D,1-1-1996,1-1-1996
WI,4.35%,4.35%,BillClinton,0.4113,11,1,D,0.3678,Wisconsin,D,1-1-1992,1-1-1992
WI,3.61%,3.61%,MichaelDukakis,0.5141,11,1,D,0.478,Wisconsin,D,1-1-1988,1-1-1988
WI,9.17%,-9.17%,RonaldReagan,0.4502,11,1,R,0.5419,Wisconsin,R,1-1-1984,1-1-1984
WI,6.70%,6.70%,HillaryClinton,0.492,10,1,D,0.425,Wisconsin,D,1-1-2016,1-1-2016
WY,40.82%,-40.82%,MittRomney,0.278188877,3,1,R,0.686426217,Wyoming,R,1-1-2012,1-1-2012
WY,32.24%,-32.24%,JohnMcCain,0.3254,3,1,R,0.6478,Wyoming,R,1-1-2008,1-1-2008
WY,39.79%,-39.79%,GeorgeWBush,0.2907,3,1,R,0.6886,Wyoming,R,1-1-2004,1-1-2004
WY,40.06%,-40.06%,GeorgeWBush,0.277,3,1,R,0.6776,Wyoming,R,1-1-2000,1-1-2000
WY,12.97%,-12.97%,BobDole,0.3684,3,1,R,0.4981,Wyoming,R,1-1-1996,1-1-1996
WY,5.58%,-5.58%,GeorgeHWBush,0.3398,3,1,R,0.3956,Wyoming,R,1-1-1992,1-1-1992
WY,22.52%,-22.52%,GeorgeHWBush,0.3801,3,1,R,0.6053,Wyoming,R,1-1-1988,1-1-1988
WY,42.27%,-42.27%,RonaldReagan,0.2824,3,1,R,0.7051,Wyoming,R,1-1-1984,1-1-1984
WY,30.10%,-30.10%,DonaldTrump,0.29,3,1,R,0.591,Wyoming,R,1-1-2016,1-1-2016
